{
  "results": [
    {
      "command": "wasmer --jit target/wasm32-wasi/release/binarytrees.wasm 21 < /dev/null > /dev/null",
      "mean": 5.988665307500001,
      "stddev": 0.11738671412678166,
      "median": 5.9678810075,
      "user": 5.974707775000001,
      "system": 0.0129910835,
      "min": 5.8387770575,
      "max": 6.2708892574999995,
      "times": [
        6.0848761575,
        5.9815736575,
        5.9485353575,
        6.2708892574999995,
        5.8387770575,
        5.985546257499999,
        5.9605045575,
        5.9385851574999995,
        5.9752574575,
        5.9021081575
      ]
    }
  ]
}
