{
  "results": [
    {
      "command": "./binarytrees.gcc_run 21 < /dev/null > /dev/null",
      "mean": 3.1608734795,
      "stddev": 0.019189185474219553,
      "median": 3.1565069095,
      "user": 3.1268106399999995,
      "system": 0.03397665,
      "min": 3.1381429595,
      "max": 3.1921988595,
      "times": [
        3.1381429595,
        3.1463712595,
        3.1595794594999997,
        3.1891488595,
        3.1427821595,
        3.1712774594999997,
        3.1921988595,
        3.1700655595,
        3.1457338595,
        3.1534343595
      ]
    }
  ]
}
