{
  "results": [
    {
      "command": "cd rust && wasmtime run --enable-all target/wasm32-wasi/release/binarytrees.wasm 21 < /dev/null > /dev/null",
      "mean": 4.969687802,
      "stddev": 0.1413887542257103,
      "median": 4.944128802,
      "user": 4.960701449999999,
      "system": 0.012992002499999999,
      "min": 4.789855652,
      "max": 5.201812651999999,
      "times": [
        4.907844952,
        5.127544152,
        4.823366151999999,
        4.915799152,
        4.823180352,
        5.071283352,
        4.789855652,
        4.972458452,
        5.201812651999999,
        5.063733151999999
      ]
    }
  ]
}
