{
  "results": [
    {
      "command": "wasmer --native target/wasm32-wasi/release/binarytrees.wasm 21 < /dev/null > /dev/null",
      "mean": 6.136446638,
      "stddev": 0.15230702192581502,
      "median": 6.109197207999999,
      "user": 6.120386555,
      "system": 0.015984,
      "min": 5.891676157999999,
      "max": 6.4724550579999995,
      "times": [
        6.0976029579999995,
        6.194296058,
        6.199354058,
        6.043063458,
        6.215552558,
        5.891676157999999,
        6.120791457999999,
        6.093740958,
        6.4724550579999995,
        6.035933657999999
      ]
    }
  ]
}
