{
  "results": [
    {
      "command": "wasmer --cranelift target/wasm32-wasi/release/binarytrees.wasm 21 < /dev/null > /dev/null",
      "mean": 5.995280443,
      "stddev": 0.1780466771165159,
      "median": 5.9636694630000004,
      "user": 5.982080095,
      "system": 0.012989484999999999,
      "min": 5.775299363,
      "max": 6.454192363,
      "times": [
        5.775299363,
        6.021864163,
        6.027253863,
        5.965853063,
        6.454192363,
        5.961485863,
        5.959756963,
        6.0026660629999995,
        5.889402563,
        5.8950301629999995
      ]
    }
  ]
}
