{
  "results": [
    {
      "command": "wasmer --llvm target/wasm32-wasi/release/binarytrees.wasm 21 < /dev/null > /dev/null",
      "mean": 3.4765132125,
      "stddev": 0.16578846436924907,
      "median": 3.4888608725,
      "user": 3.46520194,
      "system": 0.010986988999999999,
      "min": 3.1941502725,
      "max": 3.7066018725,
      "times": [
        3.4207094725,
        3.3214136725,
        3.1941502725,
        3.3142896725,
        3.6121616725,
        3.5423929725,
        3.6377804725,
        3.5803032725,
        3.4353287725,
        3.7066018725
      ]
    }
  ]
}
