{
  "results": [
    {
      "command": "cd rust && wasmer --singlepass target/wasm32-wasi/release/binarytrees.wasm 21 < /dev/null > /dev/null",
      "mean": 5.236702254,
      "stddev": 0.11577968578968566,
      "median": 5.220434654,
      "user": 5.226495325,
      "system": 0.010050883,
      "min": 5.1006165039999996,
      "max": 5.505786304,
      "times": [
        5.314511604,
        5.232603704,
        5.132029004,
        5.250292404,
        5.207146704,
        5.505786304,
        5.208265604,
        5.275574304,
        5.140196404,
        5.1006165039999996
      ]
    }
  ]
}
