{
  "results": [
    {
      "command": "cd rust && wasmer --llvm target/wasm32-wasi/release/binarytrees.wasm 21 < /dev/null > /dev/null",
      "mean": 3.633465598000001,
      "stddev": 0.2522126717694158,
      "median": 3.570730038,
      "user": 3.6202828149999995,
      "system": 0.012994057499999998,
      "min": 3.321837738,
      "max": 4.195683138,
      "times": [
        3.4891153380000004,
        3.500814938,
        3.321837738,
        4.195683138,
        3.5903840380000003,
        3.671581138,
        3.551076038,
        3.406244038,
        3.826369338,
        3.7815502380000003
      ]
    }
  ]
}
