{
  "results": [
    {
      "command": "wasmer target/wasm32-wasi/release/binarytrees.wasm 21 < /dev/null > /dev/null",
      "mean": 5.951854156000001,
      "stddev": 0.03502758408272128,
      "median": 5.957204516,
      "user": 5.941734240000001,
      "system": 0.00999106,
      "min": 5.907619466000001,
      "max": 6.007325866,
      "times": [
        5.928515766,
        6.007325866,
        5.910139966,
        5.907619466000001,
        5.917543066,
        5.978342366000001,
        5.973580066,
        5.972408766,
        5.942000266,
        5.981065966
      ]
    }
  ]
}
