{
  "results": [
    {
      "command": "wasmtime run --enable-all target/wasm32-wasi/release/binarytrees.wasm 21 < /dev/null > /dev/null",
      "mean": 4.801595547500001,
      "stddev": 0.04958910065757158,
      "median": 4.7888737275,
      "user": 4.78630756,
      "system": 0.018987979999999998,
      "min": 4.724895577500001,
      "max": 4.8707119775,
      "times": [
        4.7434101775,
        4.8707119775,
        4.7888177775,
        4.7889296775000005,
        4.724895577500001,
        4.7838806775,
        4.846867077500001,
        4.7733098775,
        4.8339193775,
        4.8612132775
      ]
    }
  ]
}
