{
  "results": [
    {
      "command": "java -cp java:/usr/share/java/fastutil.jar -XX:ActiveProcessorCount=1 binarytrees 21 < /dev/null > /dev/null",
      "mean": 4.339773736500001,
      "stddev": 0.021246885417765534,
      "median": 4.333500966500001,
      "user": 4.341594280000001,
      "system": 0.07455609999999999,
      "min": 4.3158646665000004,
      "max": 4.3748811665,
      "times": [
        4.3158646665000004,
        4.3454710665,
        4.3495768665,
        4.3323799665000005,
        4.3748811665,
        4.3222037665,
        4.3175172665,
        4.3740032665,
        4.3346219665,
        4.3312173665
      ]
    }
  ]
}
