{
  "results": [
    {
      "command": "cd rust && wasmer --cranelift target/wasm32-wasi/release/binarytrees.wasm 21 < /dev/null > /dev/null",
      "mean": 5.9720906325000005,
      "stddev": 0.11004612999195891,
      "median": 5.9275106925,
      "user": 5.960038279999999,
      "system": 0.011987989000000001,
      "min": 5.8539764925,
      "max": 6.2145053925000004,
      "times": [
        5.9121387925,
        5.8983335925,
        5.9138960925,
        5.9867969925,
        6.0860059925,
        5.8890523925,
        6.2145053925000004,
        5.8539764925,
        5.9411252925,
        6.0250752925
      ]
    }
  ]
}
