{
  "results": [
    {
      "command": "cargo run --release --bin binarytrees 21 < /dev/null > /dev/null",
      "mean": 3.0140636825000002,
      "stddev": 0.17192091357653186,
      "median": 3.0217170225,
      "user": 2.8731718200000005,
      "system": 0.133941215,
      "min": 2.7650414225,
      "max": 3.3165611225,
      "times": [
        2.7863785224999997,
        2.8695958225,
        3.1570596225,
        3.0361570225,
        3.1008680225,
        3.1162692224999997,
        2.7650414225,
        3.0072770225,
        2.9854290225,
        3.3165611225
      ]
    }
  ]
}
