{
  "results": [
    {
      "command": "cd rust && cargo run --release --bin binarytrees 21 < /dev/null > /dev/null",
      "mean": 3.258620914,
      "stddev": 0.22884607995392628,
      "median": 3.154414004,
      "user": 3.1220255249999993,
      "system": 0.12794105000000003,
      "min": 3.031301704,
      "max": 3.842644604,
      "times": [
        3.842644604,
        3.305199904,
        3.144414604,
        3.145865404,
        3.337387704,
        3.159513804,
        3.031301704,
        3.149314204,
        3.339175204,
        3.131392004
      ]
    }
  ]
}
