{
  "results": [
    {
      "command": "wasmer --native target/wasm32-wasi/release/fannkuchredux.wasm 12 < /dev/null > /dev/null",
      "mean": 44.0232371825,
      "stddev": 0.24747939608060393,
      "median": 43.947212822500006,
      "user": 44.02019551,
      "system": 0.00299768,
      "min": 43.8866384725,
      "max": 44.7219333725,
      "times": [
        44.7219333725,
        43.9640407725,
        43.8866384725,
        43.9314638725,
        43.9344566725,
        43.9456616725,
        43.9280246725,
        43.948763972500004,
        44.0093770725,
        43.9620112725
      ]
    }
  ]
}
