{
  "results": [
    {
      "command": "wasmer --jit target/wasm32-wasi/release/fannkuchredux.wasm 12 < /dev/null > /dev/null",
      "mean": 44.15945003,
      "stddev": 0.05298433198158776,
      "median": 44.1660854,
      "user": 44.155384925,
      "system": 0.0039965,
      "min": 44.09366295,
      "max": 44.25416665,
      "times": [
        44.15479535,
        44.17737545000001,
        44.09366295,
        44.096458850000005,
        44.19108885000001,
        44.123825950000004,
        44.25416665,
        44.19800995000001,
        44.19617035,
        44.108945950000006
      ]
    }
  ]
}
