{
  "results": [
    {
      "command": "./fannkuchredux.gcc_run 12 < /dev/null > /dev/null",
      "mean": 21.0433400685,
      "stddev": 0.09178844405003962,
      "median": 21.054299908500003,
      "user": 21.043292575,
      "system": 0.0,
      "min": 20.9243945085,
      "max": 21.160058108500003,
      "times": [
        21.160058108500003,
        20.9847424085,
        20.997778308500003,
        21.120087208500003,
        21.1151243085,
        20.9243945085,
        20.9637078085,
        21.128736008500002,
        20.9279505085,
        21.110821508500003
      ]
    }
  ]
}
