{
  "results": [
    {
      "command": "wasmtime run --enable-all target/wasm32-wasi/release/fannkuchredux.wasm 12 < /dev/null > /dev/null",
      "mean": 30.251789971,
      "stddev": 0.22396777292412667,
      "median": 30.186215871,
      "user": 30.238500309999996,
      "system": 0.017972707499999997,
      "min": 30.127509871,
      "max": 30.879686771,
      "times": [
        30.229144171,
        30.182027171,
        30.190404571000002,
        30.879686771,
        30.127509871,
        30.153631171,
        30.232077771,
        30.148513871,
        30.230101371,
        30.144802971
      ]
    }
  ]
}
