{
  "results": [
    {
      "command": "cargo run --release --bin fannkuchredux 12 < /dev/null > /dev/null",
      "mean": 21.231914628499997,
      "stddev": 0.02145341072475192,
      "median": 21.233936288499997,
      "user": 21.223930635,
      "system": 0.007995227499999997,
      "min": 21.2038422885,
      "max": 21.257545588499998,
      "times": [
        21.2472868885,
        21.210941088499997,
        21.2557301885,
        21.220585688499998,
        21.2130766885,
        21.248109388499998,
        21.257545588499998,
        21.2498125885,
        21.212215888499998,
        21.2038422885
      ]
    }
  ]
}
