{
  "results": [
    {
      "command": "java -cp java:/usr/share/java/fastutil.jar -XX:ActiveProcessorCount=1 fannkuchredux 12 < /dev/null > /dev/null",
      "mean": 26.917848519,
      "stddev": 0.035141615149821746,
      "median": 26.907396609000003,
      "user": 26.958582495,
      "system": 0.02300132,
      "min": 26.851349859000003,
      "max": 26.976702059,
      "times": [
        26.953591259,
        26.947072359,
        26.904648559,
        26.851349859000003,
        26.908466759,
        26.976702059,
        26.906304259000002,
        26.896191059,
        26.906326459000002,
        26.927832559000002
      ]
    }
  ]
}
