{
  "results": [
    {
      "command": "wasmer --llvm target/wasm32-wasi/release/fannkuchredux.wasm 12 < /dev/null > /dev/null",
      "mean": 22.602982899999994,
      "stddev": 0.010528307796101284,
      "median": 22.602992200000003,
      "user": 22.594799404999996,
      "system": 0.00799653,
      "min": 22.58555955,
      "max": 22.62182055,
      "times": [
        22.59559495,
        22.602530950000002,
        22.59901125,
        22.58555955,
        22.60555355,
        22.616502750000002,
        22.60345345,
        22.62182055,
        22.594423550000002,
        22.60537845
      ]
    }
  ]
}
