{
  "results": [
    {
      "command": "cd rust && wasmtime run --enable-all target/wasm32-wasi/release/fannkuchredux.wasm 12 < /dev/null > /dev/null",
      "mean": 30.239970790500003,
      "stddev": 0.07689993383476404,
      "median": 30.228031840499998,
      "user": 30.232206339999998,
      "system": 0.011991552999999999,
      "min": 30.1602633905,
      "max": 30.4298471905,
      "times": [
        30.1602633905,
        30.168779290499998,
        30.1793240905,
        30.2694367905,
        30.228817690499998,
        30.2445007905,
        30.2253988905,
        30.266093790499998,
        30.2272459905,
        30.4298471905
      ]
    }
  ]
}
