{
  "results": [
    {
      "command": "cd rust && wasmer --llvm target/wasm32-wasi/release/fannkuchredux.wasm 12 < /dev/null > /dev/null",
      "mean": 22.6194149315,
      "stddev": 0.02834648852434877,
      "median": 22.618579541499997,
      "user": 22.616184824999998,
      "system": 0.003055566,
      "min": 22.587264541499998,
      "max": 22.6902062415,
      "times": [
        22.6190636415,
        22.587264541499998,
        22.6255888415,
        22.5895717415,
        22.605784941499998,
        22.6902062415,
        22.6180954415,
        22.6251968415,
        22.6200038415,
        22.6133732415
      ]
    }
  ]
}
