{
  "results": [
    {
      "command": "cd rust && wasmer --cranelift target/wasm32-wasi/release/fannkuchredux.wasm 12 < /dev/null > /dev/null",
      "mean": 44.20055423949999,
      "stddev": 0.036038879373009335,
      "median": 44.1993298195,
      "user": 44.195203555,
      "system": 0.0049949239999999995,
      "min": 44.1496425695,
      "max": 44.2633254695,
      "times": [
        44.2001398695,
        44.2444495695,
        44.2158119695,
        44.1669998695,
        44.1985197695,
        44.1775529695,
        44.2633254695,
        44.1496425695,
        44.1693904695,
        44.2197098695
      ]
    }
  ]
}
