{
  "results": [
    {
      "command": "cd rust && cargo run --release --bin fannkuchredux 12 < /dev/null > /dev/null",
      "mean": 21.238123038500003,
      "stddev": 0.023158788580868075,
      "median": 21.2370478885,
      "user": 21.22892778,
      "system": 0.008993558999999998,
      "min": 21.2086050385,
      "max": 21.2724884385,
      "times": [
        21.2650753385,
        21.2086050385,
        21.2223229385,
        21.221760138500002,
        21.2092930385,
        21.227095838500002,
        21.2517848385,
        21.2469999385,
        21.2724884385,
        21.2558048385
      ]
    }
  ]
}
