{
  "results": [
    {
      "command": "wasmer target/wasm32-wasi/release/fannkuchredux.wasm 12 < /dev/null > /dev/null",
      "mean": 44.0796818075,
      "stddev": 0.019204323827419798,
      "median": 44.077303777500006,
      "user": 44.076616210000005,
      "system": 0.00299587,
      "min": 44.038643427500006,
      "max": 44.1073678275,
      "times": [
        44.038643427500006,
        44.0784169275,
        44.076190627500004,
        44.104382827500004,
        44.0749634275,
        44.075665227500004,
        44.0697770275,
        44.089924027500004,
        44.0814867275,
        44.1073678275
      ]
    }
  ]
}
