{
  "results": [
    {
      "command": "cd rust && wasmer --singlepass target/wasm32-wasi/release/fannkuchredux.wasm 12 < /dev/null > /dev/null",
      "mean": 40.175657591,
      "stddev": 0.04581061438078566,
      "median": 40.159751191,
      "user": 40.173561559999996,
      "system": 0.0020580004999999997,
      "min": 40.121981241,
      "max": 40.278775441,
      "times": [
        40.149668541,
        40.166497840999995,
        40.223953541,
        40.147203641,
        40.147798541,
        40.153004541,
        40.121981241,
        40.188756241,
        40.178936340999996,
        40.278775441
      ]
    }
  ]
}
