{
  "results": [
    {
      "command": "wasmer --cranelift target/wasm32-wasi/release/fannkuchredux.wasm 12 < /dev/null > /dev/null",
      "mean": 44.144980512000004,
      "stddev": 0.03231241163113802,
      "median": 44.139095082,
      "user": 44.143955135000006,
      "system": 0.0009990560000000001,
      "min": 44.110108082,
      "max": 44.223062382,
      "times": [
        44.116952882,
        44.165678682,
        44.128789882,
        44.125949482,
        44.156480982,
        44.134404882,
        44.143785282,
        44.223062382,
        44.144592582,
        44.110108082
      ]
    }
  ]
}
