{
  "results": [
    {
      "command": "java -cp java:/usr/share/java/fastutil.jar -XX:ActiveProcessorCount=1 fasta 25000000 < /dev/null > /dev/null",
      "mean": 1.8754716375,
      "stddev": 0.016634792486953365,
      "median": 1.8751362175000001,
      "user": 2.7827181750000003,
      "system": 0.09490428499999998,
      "min": 1.8553356175,
      "max": 1.9027642175,
      "times": [
        1.8553356175,
        1.8825120175,
        1.8855769175000001,
        1.8828863175,
        1.9027642175,
        1.8599354175,
        1.8950129175000001,
        1.8677604175,
        1.8668719175,
        1.8560606175
      ]
    }
  ]
}
