{
  "results": [
    {
      "command": "cd rust && wasmer --llvm target/wasm32-wasi/release/fasta.wasm 25000000 < /dev/null > /dev/null",
      "mean": 0.9848305835000002,
      "stddev": 0.0013125965229693268,
      "median": 0.9846429935000001,
      "user": 0.9827044649999997,
      "system": 0.002045592,
      "min": 0.9831907935,
      "max": 0.9869360935000001,
      "times": [
        0.9842787935,
        0.9869360935000001,
        0.9857630935000001,
        0.9867146935000001,
        0.9833970935,
        0.9848603935000001,
        0.9850821935,
        0.9844255935,
        0.9831907935,
        0.9836570935000001
      ]
    }
  ]
}
