{
  "results": [
    {
      "command": "wasmer --llvm target/wasm32-wasi/release/fasta.wasm 25000000 < /dev/null > /dev/null",
      "mean": 0.9843109870000001,
      "stddev": 0.0015988538043444286,
      "median": 0.9847171470000001,
      "user": 0.981294275,
      "system": 0.0029838529999999994,
      "min": 0.9821917970000001,
      "max": 0.9865316970000001,
      "times": [
        0.9865316970000001,
        0.9824482970000001,
        0.9861614970000001,
        0.9833728970000001,
        0.9854546970000001,
        0.9821917970000001,
        0.9843968970000001,
        0.9850523970000001,
        0.9850373970000001,
        0.9824622970000001
      ]
    }
  ]
}
