{
  "results": [
    {
      "command": "wasmer --cranelift target/wasm32-wasi/release/fasta.wasm 25000000 < /dev/null > /dev/null",
      "mean": 2.895603766,
      "stddev": 0.07673739322159848,
      "median": 2.869586946,
      "user": 2.8915675399999996,
      "system": 0.0039964665,
      "min": 2.866175046,
      "max": 3.112866646,
      "times": [
        2.867539046,
        2.870456946,
        2.8710554459999997,
        2.871948746,
        2.892924146,
        3.112866646,
        2.866998646,
        2.866175046,
        2.867356046,
        2.868716946
      ]
    }
  ]
}
