{
  "results": [
    {
      "command": "wasmer --native target/wasm32-wasi/release/fasta.wasm 25000000 < /dev/null > /dev/null",
      "mean": 2.9015766295,
      "stddev": 0.07361353552411473,
      "median": 2.8764586095,
      "user": 2.8975518600000005,
      "system": 0.0039934815,
      "min": 2.8727188595,
      "max": 3.1097813595,
      "times": [
        2.8741872595,
        2.9009563595000003,
        2.8788091595000003,
        2.8759881595000003,
        2.8769290595,
        2.8735211595,
        2.8782172595,
        3.1097813595,
        2.8727188595,
        2.8746576595
      ]
    }
  ]
}
