{
  "results": [
    {
      "command": "./fasta.gcc_run 25000000 < /dev/null > /dev/null",
      "mean": 1.442963822,
      "stddev": 0.010712471217650898,
      "median": 1.4379585920000002,
      "user": 1.44092433,
      "system": 0.001993419,
      "min": 1.433260192,
      "max": 1.463166692,
      "times": [
        1.4525855920000001,
        1.439750392,
        1.433260192,
        1.4352047920000002,
        1.4364700920000002,
        1.463166692,
        1.457765892,
        1.4384905920000002,
        1.437426592,
        1.4355173920000002
      ]
    }
  ]
}
