{
  "results": [
    {
      "command": "cargo run --release --bin fasta 25000000 < /dev/null > /dev/null",
      "mean": 1.8199019290000003,
      "stddev": 0.0019857847580854624,
      "median": 1.8190160190000002,
      "user": 1.8139475449999996,
      "system": 0.005994182499999999,
      "min": 1.8181595190000002,
      "max": 1.8233910190000002,
      "times": [
        1.8185861190000001,
        1.819445919,
        1.8181595190000002,
        1.8233910190000002,
        1.818386019,
        1.818568919,
        1.8199012190000001,
        1.821040719,
        1.8183759190000002,
        1.8231639190000002
      ]
    }
  ]
}
