{
  "results": [
    {
      "command": "cd rust && wasmer --singlepass target/wasm32-wasi/release/fasta.wasm 25000000 < /dev/null > /dev/null",
      "mean": 2.6528327010000003,
      "stddev": 0.010870131797938614,
      "median": 2.651791831,
      "user": 2.6527060200000006,
      "system": 0.00008116300000000001,
      "min": 2.640484331,
      "max": 2.670426931,
      "times": [
        2.650076731,
        2.6535069310000003,
        2.667978231,
        2.6452196310000002,
        2.656833931,
        2.659893331,
        2.640484331,
        2.670426931,
        2.643262231,
        2.640644731
      ]
    }
  ]
}
