{
  "results": [
    {
      "command": "cd rust && wasmer --cranelift target/wasm32-wasi/release/fasta.wasm 25000000 < /dev/null > /dev/null",
      "mean": 2.9248187855,
      "stddev": 0.10526171456946354,
      "median": 2.8728296255,
      "user": 2.918782554999999,
      "system": 0.0059916399999999995,
      "min": 2.8683915755,
      "max": 3.1328269755,
      "times": [
        3.1328269755,
        2.8780814755,
        2.8722428755,
        2.8725331755,
        2.8708883755000003,
        2.8940044755,
        2.8731260755,
        2.8710909755,
        3.1150018755,
        2.8683915755
      ]
    }
  ]
}
