{
  "results": [
    {
      "command": "wasmer target/wasm32-wasi/release/fasta.wasm 25000000 < /dev/null > /dev/null",
      "mean": 2.8694767459999997,
      "stddev": 0.0019155389686572393,
      "median": 2.869541336,
      "user": 2.864376275,
      "system": 0.00504926,
      "min": 2.866348386,
      "max": 2.872877586,
      "times": [
        2.870580086,
        2.869478886,
        2.870597686,
        2.872877586,
        2.867743586,
        2.869455686,
        2.867338386,
        2.870743386,
        2.866348386,
        2.869603786
      ]
    }
  ]
}
