{
  "results": [
    {
      "command": "wasmtime run --enable-all target/wasm32-wasi/release/fasta.wasm 25000000 < /dev/null > /dev/null",
      "mean": 6.276824066,
      "stddev": 0.051908584218224925,
      "median": 6.260466516,
      "user": 5.712210485,
      "system": 0.5687165599999999,
      "min": 6.2515139159999995,
      "max": 6.4232011159999995,
      "times": [
        6.267135216,
        6.253505415999999,
        6.2553177159999995,
        6.258238716,
        6.262694316,
        6.2515139159999995,
        6.257298016,
        6.2644354159999995,
        6.4232011159999995,
        6.274900816
      ]
    }
  ]
}
