{
  "results": [
    {
      "command": "cd rust && wasmtime run --enable-all target/wasm32-wasi/release/fasta.wasm 25000000 < /dev/null > /dev/null",
      "mean": 6.2720027289999996,
      "stddev": 0.02336687909038968,
      "median": 6.264947618999999,
      "user": 5.6160649849999995,
      "system": 0.6607187449999999,
      "min": 6.255789269,
      "max": 6.336241769,
      "times": [
        6.266131869,
        6.2780863689999995,
        6.255789269,
        6.259754469,
        6.2632604689999996,
        6.336241769,
        6.261032169,
        6.269730169,
        6.263763368999999,
        6.266237369
      ]
    }
  ]
}
