{
  "results": [
    {
      "command": "cd rust && cargo run --release --bin fasta 25000000 < /dev/null > /dev/null",
      "mean": 1.82201589,
      "stddev": 0.004042907885297388,
      "median": 1.8213592200000002,
      "user": 1.8170042299999998,
      "system": 0.00505366,
      "min": 1.8180633200000003,
      "max": 1.83285292,
      "times": [
        1.83285292,
        1.8228370200000001,
        1.8215912200000002,
        1.8218045200000001,
        1.8180633200000003,
        1.8206319200000003,
        1.82143042,
        1.8212880200000001,
        1.82046082,
        1.8191987200000002
      ]
    }
  ]
}
