{
  "results": [
    {
      "command": "wasmer --jit target/wasm32-wasi/release/fasta.wasm 25000000 < /dev/null > /dev/null",
      "mean": 2.898635938,
      "stddev": 0.08208939348561221,
      "median": 2.8704779680000003,
      "user": 2.8966031199999995,
      "system": 0.001998452,
      "min": 2.8657700680000002,
      "max": 3.131211668,
      "times": [
        2.871526668,
        2.868253568,
        2.8923891680000002,
        2.869120668,
        2.871008968,
        3.131211668,
        2.8657700680000002,
        2.8699469680000003,
        2.879261368,
        2.867870268
      ]
    }
  ]
}
