{
  "results": [
    {
      "command": "cd rust && wasmer --singlepass target/wasm32-wasi/release/knucleotide.wasm 0 < ../input25000000.fasta > /dev/null",
      "mean": 10.8383376155,
      "stddev": 0.3611563169740612,
      "median": 10.9076264855,
      "user": 10.750306129999998,
      "system": 0.08798406500000001,
      "min": 10.2801451355,
      "max": 11.540381335500001,
      "times": [
        10.5540114355,
        10.2801451355,
        11.0337671355,
        10.4629421355,
        10.9698992355,
        10.6632208355,
        10.9312404355,
        11.0637559355,
        11.540381335500001,
        10.8840125355
      ]
    }
  ]
}
