{
  "results": [
    {
      "command": "./knucleotide.gcc_run 0 < input25000000.fasta > /dev/null",
      "mean": 5.6575153555,
      "stddev": 0.11945983718932675,
      "median": 5.6376587155,
      "user": 5.59116735,
      "system": 0.06598309,
      "min": 5.5140557155,
      "max": 5.8845849155,
      "times": [
        5.7246288155,
        5.5694151155,
        5.8845849155,
        5.6948078155,
        5.7795450155,
        5.5805096155,
        5.5601509154999995,
        5.7085789155,
        5.5588767155,
        5.5140557155
      ]
    }
  ]
}
