{
  "results": [
    {
      "command": "wasmer target/wasm32-wasi/release/knucleotide.wasm 0 < input25000000.fasta > /dev/null",
      "mean": 11.714615063,
      "stddev": 0.8178669639931221,
      "median": 11.799480663,
      "user": 11.616553549999999,
      "system": 0.09800576,
      "min": 10.529129413,
      "max": 12.686745313,
      "times": [
        12.686745313,
        10.529129413,
        11.581977813,
        12.612297713,
        12.316596113,
        10.541777713,
        10.914476813,
        11.673351013,
        11.925610313,
        12.364188412999999
      ]
    }
  ]
}
