{
  "results": [
    {
      "command": "wasmer --cranelift target/wasm32-wasi/release/knucleotide.wasm 0 < input25000000.fasta > /dev/null",
      "mean": 11.565996698500001,
      "stddev": 0.6589794146982388,
      "median": 11.3258827185,
      "user": 11.482896635,
      "system": 0.08297718,
      "min": 10.7479713685,
      "max": 12.7951206685,
      "times": [
        11.3356934685,
        11.3160719685,
        12.0587990685,
        12.7951206685,
        11.1508509685,
        12.3685721685,
        10.9268899685,
        11.7352391685,
        10.7479713685,
        11.2247581685
      ]
    }
  ]
}
