{
  "results": [
    {
      "command": "cd rust && cargo run --release --bin knucleotide 0 < ../input25000000.fasta > /dev/null",
      "mean": 8.078220670499999,
      "stddev": 0.21606581325984298,
      "median": 8.0650352505,
      "user": 8.001152035,
      "system": 0.07708213,
      "min": 7.6860720505,
      "max": 8.4992872505,
      "times": [
        7.6860720505,
        8.026752050499999,
        7.9490302505,
        8.2461274505,
        8.1536800505,
        8.4992872505,
        7.9309247505,
        8.0126895505,
        8.1743248505,
        8.1033184505
      ]
    }
  ]
}
