{
  "results": [
    {
      "command": "cargo run --release --bin knucleotide 0 < input25000000.fasta > /dev/null",
      "mean": 6.266799836,
      "stddev": 1.4273434999677415,
      "median": 6.098970165999999,
      "user": 6.2037445,
      "system": 0.06302565999999998,
      "min": 4.414991516,
      "max": 8.081462516,
      "times": [
        6.023567015999999,
        7.882825916,
        7.798236616,
        4.414991516,
        6.174373316,
        7.207738816,
        4.780720316,
        5.862630515999999,
        8.081462516,
        4.441451816
      ]
    }
  ]
}
