{
  "results": [
    {
      "command": "cd rust && wasmer --cranelift target/wasm32-wasi/release/knucleotide.wasm 0 < ../input25000000.fasta > /dev/null",
      "mean": 12.626525290999998,
      "stddev": 0.31946744575918085,
      "median": 12.556607420999999,
      "user": 12.533396999999997,
      "system": 0.09306777499999999,
      "min": 12.165761271,
      "max": 13.132472771,
      "times": [
        12.464304170999998,
        12.165761271,
        12.867577871,
        12.367277771,
        12.809242171,
        12.318889571,
        13.132472771,
        13.026512470999998,
        12.576922870999999,
        12.536291970999999
      ]
    }
  ]
}
