{
  "results": [
    {
      "command": "java -cp java:/usr/share/java/fastutil.jar -XX:ActiveProcessorCount=1 knucleotide 0 < input25000000.fasta > /dev/null",
      "mean": 10.040703445,
      "stddev": 0.2577812693871393,
      "median": 10.079829035,
      "user": 10.132989975,
      "system": 0.16028561,
      "min": 9.591979284999999,
      "max": 10.301130084999999,
      "times": [
        9.591979284999999,
        9.913372185,
        10.297476885,
        10.260662985,
        10.301130084999999,
        10.184432285,
        10.281361384999999,
        9.975225785,
        9.788670784999999,
        9.812722785
      ]
    }
  ]
}
