{
  "results": [
    {
      "command": "wasmtime run --enable-all target/wasm32-wasi/release/knucleotide.wasm 0 < input25000000.fasta > /dev/null",
      "mean": 8.268843691499999,
      "stddev": 0.9859154435909124,
      "median": 8.193890981500001,
      "user": 8.16304204,
      "system": 0.109042105,
      "min": 7.1453463815000005,
      "max": 10.2804893815,
      "times": [
        7.2786307815,
        8.4362341815,
        8.2050602815,
        7.4365039815000005,
        7.6124015815,
        7.1453463815000005,
        10.2804893815,
        8.1827216815,
        9.2255739815,
        8.8854746815
      ]
    }
  ]
}
