{
  "results": [
    {
      "command": "cd rust && wasmer --llvm target/wasm32-wasi/release/knucleotide.wasm 0 < ../input25000000.fasta > /dev/null",
      "mean": 9.4780179875,
      "stddev": 0.24566087259718664,
      "median": 9.5086701175,
      "user": 9.38676889,
      "system": 0.09117362,
      "min": 9.0623840175,
      "max": 9.727538017499999,
      "times": [
        9.4225227175,
        9.687378817499999,
        9.5948175175,
        9.7214908175,
        9.216228017499999,
        9.7059468175,
        9.2248532175,
        9.727538017499999,
        9.4170199175,
        9.0623840175
      ]
    }
  ]
}
