{
  "results": [
    {
      "command": "wasmer --llvm target/wasm32-wasi/release/knucleotide.wasm 0 < input25000000.fasta > /dev/null",
      "mean": 7.085538996500001,
      "stddev": 1.605931522188588,
      "median": 6.8890073765,
      "user": 6.988788435000001,
      "system": 0.09626863999999999,
      "min": 5.3810267265,
      "max": 9.5998480265,
      "times": [
        6.4663070265,
        8.4977257265,
        9.5998480265,
        9.3672357265,
        5.3810267265,
        7.3187361265,
        7.3117077265,
        5.580207826500001,
        5.6742070265,
        5.6583880265
      ]
    }
  ]
}
