{
  "results": [
    {
      "command": "cd rust && wasmtime run --enable-all target/wasm32-wasi/release/knucleotide.wasm 0 < ../input25000000.fasta > /dev/null",
      "mean": 10.2433684815,
      "stddev": 0.283763899563215,
      "median": 10.306158561499998,
      "user": 10.140943775,
      "system": 0.10600104499999999,
      "min": 9.554174011499999,
      "max": 10.5810347115,
      "times": [
        10.280875911499999,
        10.3576658115,
        10.2164406115,
        10.1965665115,
        10.3475880115,
        10.5810347115,
        9.554174011499999,
        10.3314412115,
        10.0644134115,
        10.5034846115
      ]
    }
  ]
}
