{
  "results": [
    {
      "command": "wasmer --jit target/wasm32-wasi/release/knucleotide.wasm 0 < input25000000.fasta > /dev/null",
      "mean": 11.568215970999997,
      "stddev": 0.8084095575747301,
      "median": 11.329594991,
      "user": 11.49216635,
      "system": 0.07599631500000001,
      "min": 10.754624341,
      "max": 12.807694740999999,
      "times": [
        12.290906140999999,
        10.754624341,
        11.981177441,
        12.669440941,
        10.884735841,
        12.807694740999999,
        10.773754741,
        10.860635540999999,
        11.510034340999999,
        11.149155641
      ]
    }
  ]
}
