{
  "results": [
    {
      "command": "wasmer --native target/wasm32-wasi/release/knucleotide.wasm 0 < input25000000.fasta > /dev/null",
      "mean": 12.267676342,
      "stddev": 0.6621661084582631,
      "median": 12.441824162,
      "user": 12.190550465000001,
      "system": 0.076989215,
      "min": 10.975382311999999,
      "max": 13.104434311999999,
      "times": [
        12.090302212,
        11.325118611999999,
        13.104434311999999,
        12.568437311999999,
        12.795474012,
        12.196171412,
        12.737794912,
        10.975382311999999,
        12.454158812,
        12.429489512
      ]
    }
  ]
}
