{
  "results": [
    {
      "command": "wasmer target/wasm32-wasi/release/mandelbrot.wasm 16000 < /dev/null > /dev/null",
      "mean": 10.4056166585,
      "stddev": 0.032058632728036225,
      "median": 10.407237358499998,
      "user": 10.397796620000001,
      "system": 0.006994352499999999,
      "min": 10.3648422585,
      "max": 10.451018658499999,
      "times": [
        10.3648422585,
        10.3887321585,
        10.4275679585,
        10.417755158499999,
        10.451018658499999,
        10.3677005585,
        10.370479758499998,
        10.3967195585,
        10.4408323585,
        10.4305181585
      ]
    }
  ]
}
