{
  "results": [
    {
      "command": "cd rust && cargo run --release --bin mandelbrot 16000 < /dev/null > /dev/null",
      "mean": 2.9410730505000005,
      "stddev": 0.007244225969081344,
      "median": 2.9405498505,
      "user": 2.9300922750000002,
      "system": 0.010991061,
      "min": 2.9323800505,
      "max": 2.9588401505000004,
      "times": [
        2.9323800505,
        2.9588401505000004,
        2.9448874505,
        2.9410596505,
        2.9411298505000003,
        2.9400400505000004,
        2.9366497505,
        2.9413776505,
        2.9399692505,
        2.9343966505
      ]
    }
  ]
}
