{
  "results": [
    {
      "command": "cd rust && wasmer --singlepass target/wasm32-wasi/release/mandelbrot.wasm 16000 < /dev/null > /dev/null",
      "mean": 928.0012211345002,
      "stddev": 592.8850707593064,
      "median": 1076.1511310445,
      "user": 927.9931124000001,
      "system": 0.007990180000000001,
      "min": 49.7943724445,
      "max": 1496.0869266445,
      "times": [
        1496.0869266445,
        1430.9030531445,
        1466.4902739445001,
        797.0862813445,
        343.3501787445,
        948.4676310445001,
        1203.8346310445,
        49.9767898445,
        49.7943724445,
        1494.0220731445
      ]
    }
  ]
}
