{
  "results": [
    {
      "command": "wasmer --llvm target/wasm32-wasi/release/mandelbrot.wasm 16000 < /dev/null > /dev/null",
      "mean": 5.7378176755,
      "stddev": 0.04304203891791282,
      "median": 5.7206358755,
      "user": 5.7287493849999995,
      "system": 0.008991444,
      "min": 5.7067267755,
      "max": 5.8497010755000005,
      "times": [
        5.7421538755,
        5.7067267755,
        5.7568201755,
        5.7126164755,
        5.7146788755,
        5.8497010755000005,
        5.7468971755,
        5.7248229755,
        5.7164487755,
        5.7073105755
      ]
    }
  ]
}
