{
  "results": [
    {
      "command": "cd rust && wasmer --cranelift target/wasm32-wasi/release/mandelbrot.wasm 16000 < /dev/null > /dev/null",
      "mean": 10.4133387065,
      "stddev": 0.025927315625802555,
      "median": 10.402811956499999,
      "user": 10.40527987,
      "system": 0.007991313,
      "min": 10.3852810065,
      "max": 10.4637235065,
      "times": [
        10.4195679065,
        10.4037261065,
        10.3852810065,
        10.4301059065,
        10.3906349065,
        10.3946235065,
        10.3977454065,
        10.4460810065,
        10.4637235065,
        10.4018978065
      ]
    }
  ]
}
