{
  "results": [
    {
      "command": "java -cp java:/usr/share/java/fastutil.jar -XX:ActiveProcessorCount=1 mandelbrot 16000 < /dev/null > /dev/null",
      "mean": 4.5653495595,
      "stddev": 0.01935215411827165,
      "median": 4.5572269895,
      "user": 9.073577225,
      "system": 0.027164350000000004,
      "min": 4.5419652395,
      "max": 4.5930542395,
      "times": [
        4.5464623395,
        4.5419652395,
        4.5537287394999995,
        4.5827109395,
        4.5918067395,
        4.5793095395,
        4.5566429395,
        4.5500038394999995,
        4.5930542395,
        4.5578110395
      ]
    }
  ]
}
