{
  "results": [
    {
      "command": "cd rust && wasmer --llvm target/wasm32-wasi/release/mandelbrot.wasm 16000 < /dev/null > /dev/null",
      "mean": 5.734870740499999,
      "stddev": 0.048919075249028304,
      "median": 5.7212875205,
      "user": 5.728816415000001,
      "system": 0.0059935100000000005,
      "min": 5.7028723705,
      "max": 5.868739970499999,
      "times": [
        5.868739970499999,
        5.7028723705,
        5.7202808705,
        5.7131857705,
        5.750431370499999,
        5.729970370499999,
        5.7223736705,
        5.706165770499999,
        5.7123930705,
        5.7222941705
      ]
    }
  ]
}
