{
  "results": [
    {
      "command": "./mandelbrot.gcc_run 16000 < /dev/null > /dev/null",
      "mean": 2.6578591739999995,
      "stddev": 0.009558863246694183,
      "median": 2.6544259539999997,
      "user": 2.6557589399999997,
      "system": 0.002058293,
      "min": 2.652071304,
      "max": 2.684538304,
      "times": [
        2.684538304,
        2.658461804,
        2.654419404,
        2.652071304,
        2.654404504,
        2.654044204,
        2.654432504,
        2.657708004,
        2.654828004,
        2.653683704
      ]
    }
  ]
}
