{
  "results": [
    {
      "command": "wasmer --native target/wasm32-wasi/release/mandelbrot.wasm 16000 < /dev/null > /dev/null",
      "mean": 10.4366834275,
      "stddev": 0.028004035338518498,
      "median": 10.4331224875,
      "user": 10.432454485,
      "system": 0.003994493,
      "min": 10.3998377375,
      "max": 10.4924542375,
      "times": [
        10.4472665375,
        10.4182400375,
        10.4483988375,
        10.4924542375,
        10.4142197375,
        10.4374952375,
        10.4666309375,
        10.4287497375,
        10.3998377375,
        10.4135412375
      ]
    }
  ]
}
