{
  "results": [
    {
      "command": "wasmer --jit target/wasm32-wasi/release/mandelbrot.wasm 16000 < /dev/null > /dev/null",
      "mean": 10.415785132,
      "stddev": 0.017500831952719502,
      "median": 10.409929911999999,
      "user": 10.40457117,
      "system": 0.010990875999999997,
      "min": 10.390572211999999,
      "max": 10.447972711999999,
      "times": [
        10.390572211999999,
        10.401635912,
        10.410123912,
        10.408721611999999,
        10.420722712,
        10.422003912,
        10.447972711999999,
        10.440408911999999,
        10.409735911999999,
        10.405953512
      ]
    }
  ]
}
