{
  "results": [
    {
      "command": "wasmer --cranelift target/wasm32-wasi/release/mandelbrot.wasm 16000 < /dev/null > /dev/null",
      "mean": 10.408476873,
      "stddev": 0.030066676004035814,
      "median": 10.411362873,
      "user": 10.401187605,
      "system": 0.0070508925,
      "min": 10.368387522999999,
      "max": 10.471284022999999,
      "times": [
        10.471284022999999,
        10.425160423,
        10.384655723,
        10.370443423,
        10.413543423,
        10.420583523,
        10.418133623,
        10.409182323,
        10.403394723,
        10.368387522999999
      ]
    }
  ]
}
