{
  "results": [
    {
      "command": "cargo run --release --bin mandelbrot 16000 < /dev/null > /dev/null",
      "mean": 2.9388698319999995,
      "stddev": 0.008921872361717438,
      "median": 2.939131692,
      "user": 2.93690295,
      "system": 0.0019967789999999997,
      "min": 2.927694342,
      "max": 2.952916242,
      "times": [
        2.939316642,
        2.939853842,
        2.931749242,
        2.931898442,
        2.9457706420000003,
        2.9292726420000004,
        2.927694342,
        2.938946742,
        2.952916242,
        2.951279542
      ]
    }
  ]
}
