{
  "results": [
    {
      "command": "wasmtime run --enable-all target/wasm32-wasi/release/mandelbrot.wasm 16000 < /dev/null > /dev/null",
      "mean": 10.201678916499999,
      "stddev": 0.029124831008495604,
      "median": 10.1897200465,
      "user": 10.190791524999998,
      "system": 0.014998565499999996,
      "min": 10.1731196465,
      "max": 10.248110946499999,
      "times": [
        10.1885477465,
        10.1773999465,
        10.1731196465,
        10.248110946499999,
        10.2280181465,
        10.2023845465,
        10.1908923465,
        10.1856282465,
        10.1749721465,
        10.247715446499999
      ]
    }
  ]
}
