{
  "results": [
    {
      "command": "cd rust && wasmtime run --enable-all target/wasm32-wasi/release/mandelbrot.wasm 16000 < /dev/null > /dev/null",
      "mean": 10.2155819355,
      "stddev": 0.030805471035784637,
      "median": 10.2083244755,
      "user": 10.184744049999999,
      "system": 0.035640519999999995,
      "min": 10.1841840255,
      "max": 10.2930071255,
      "times": [
        10.2072630255,
        10.1841840255,
        10.1926721255,
        10.2153103255,
        10.2370025255,
        10.1989945255,
        10.2093859255,
        10.2016805255,
        10.2930071255,
        10.2163192255
      ]
    }
  ]
}
