{
  "results": [
    {
      "command": "wasmer --native target/wasm32-wasi/release/nbody.wasm 50000000 < /dev/null > /dev/null",
      "mean": 4.215087367500002,
      "stddev": 0.004150354230999762,
      "median": 4.2149058175,
      "user": 4.2130458499999985,
      "system": 0.001997108,
      "min": 4.2099198175,
      "max": 4.2206052175,
      "times": [
        4.219788917500001,
        4.2206052175,
        4.2099198175,
        4.2099360175000005,
        4.2179229175,
        4.213030717500001,
        4.2188971175,
        4.2167809175,
        4.2124820175,
        4.2115100175
      ]
    }
  ]
}
