{
  "results": [
    {
      "command": "cd rust && wasmtime run --enable-all target/wasm32-wasi/release/nbody.wasm 50000000 < /dev/null > /dev/null",
      "mean": 3.9708925795,
      "stddev": 0.00256104096207865,
      "median": 3.9709196795,
      "user": 3.9441031999999994,
      "system": 0.0316040025,
      "min": 3.9676087295,
      "max": 3.9743147295,
      "times": [
        3.9736622295000004,
        3.9693476295,
        3.9676087295,
        3.9733643295000003,
        3.9680883295,
        3.9679789295,
        3.9714978295,
        3.9743147295,
        3.9703415295,
        3.9727215295000002
      ]
    }
  ]
}
