{
  "results": [
    {
      "command": "cargo run --release --bin nbody 50000000 < /dev/null > /dev/null",
      "mean": 2.0334000085,
      "stddev": 0.005473815043611391,
      "median": 2.0357688085,
      "user": 2.029376805,
      "system": 0.00405694,
      "min": 2.0228926585,
      "max": 2.0398793585,
      "times": [
        2.0228926585,
        2.0267961585,
        2.0398793585,
        2.0360239585,
        2.0356406584999998,
        2.0364376584999997,
        2.0356102584999998,
        2.0358969585,
        2.0368529585,
        2.0279694585
      ]
    }
  ]
}
