{
  "results": [
    {
      "command": "cd rust && cargo run --release --bin nbody 50000000 < /dev/null > /dev/null",
      "mean": 2.028160195,
      "stddev": 0.0037203599650212763,
      "median": 2.026038255,
      "user": 2.023193105,
      "system": 0.0049926879999999995,
      "min": 2.024887255,
      "max": 2.033945455,
      "times": [
        2.028570555,
        2.025483255,
        2.024887255,
        2.033945455,
        2.032030855,
        2.033904755,
        2.0256332550000002,
        2.025070055,
        2.025781055,
        2.026295455
      ]
    }
  ]
}
