{
  "results": [
    {
      "command": "cd rust && wasmer --cranelift target/wasm32-wasi/release/nbody.wasm 50000000 < /dev/null > /dev/null",
      "mean": 4.218542766,
      "stddev": 0.0047491294835065746,
      "median": 4.218218166,
      "user": 4.216499945,
      "system": 0.0019966439999999997,
      "min": 4.210649365999999,
      "max": 4.224740066,
      "times": [
        4.224740066,
        4.223825066,
        4.2175152659999995,
        4.223417565999999,
        4.2198168659999995,
        4.211838566,
        4.218921066,
        4.210649365999999,
        4.217303566,
        4.217400265999999
      ]
    }
  ]
}
