{
  "results": [
    {
      "command": "wasmer target/wasm32-wasi/release/nbody.wasm 50000000 < /dev/null > /dev/null",
      "mean": 4.217073620999999,
      "stddev": 0.010484930869183399,
      "median": 4.2136187110000005,
      "user": 4.212031675,
      "system": 0.004994885,
      "min": 4.2077218610000005,
      "max": 4.236092161,
      "times": [
        4.234385061,
        4.236092161,
        4.219517161,
        4.207831661,
        4.212155761,
        4.2188494610000005,
        4.215081661,
        4.2077218610000005,
        4.2110800610000005,
        4.208021361
      ]
    }
  ]
}
