{
  "results": [
    {
      "command": "java -cp java:/usr/share/java/fastutil.jar -XX:ActiveProcessorCount=1 nbody 50000000 < /dev/null > /dev/null",
      "mean": 4.2650792905,
      "stddev": 0.009415591347122079,
      "median": 4.2627810004999995,
      "user": 4.282099424999999,
      "system": 0.024015724999999995,
      "min": 4.2568707505,
      "max": 4.2895335505,
      "times": [
        4.2620686505,
        4.259121750499999,
        4.2568707505,
        4.263493350499999,
        4.266039150499999,
        4.258934550499999,
        4.2653583505,
        4.2598722505,
        4.2895335505,
        4.269500550499999
      ]
    }
  ]
}
