{
  "results": [
    {
      "command": "wasmtime run --enable-all target/wasm32-wasi/release/nbody.wasm 50000000 < /dev/null > /dev/null",
      "mean": 3.9745271529999995,
      "stddev": 0.012080757953911742,
      "median": 3.971801943,
      "user": 3.9480051099999995,
      "system": 0.031335585,
      "min": 3.960306443,
      "max": 3.9991177430000002,
      "times": [
        3.9991177430000002,
        3.982529343,
        3.968580943,
        3.960352343,
        3.9809566430000003,
        3.982958843,
        3.967018743,
        3.960306443,
        3.9684275430000002,
        3.975022943
      ]
    }
  ]
}
