{
  "results": [
    {
      "command": "cd rust && wasmer --singlepass target/wasm32-wasi/release/nbody.wasm 50000000 < /dev/null > /dev/null",
      "mean": 118.58952824,
      "stddev": 140.33004714330278,
      "median": 10.15137918,
      "user": 118.58742074,
      "system": 0.001998191,
      "min": 10.135043629999998,
      "max": 297.91372813,
      "times": [
        10.15122903,
        10.13788773,
        10.135043629999998,
        289.24032993,
        278.62528523,
        297.91372813,
        259.23965733,
        10.151529329999999,
        10.15011223,
        10.15047983
      ]
    }
  ]
}
