{
  "results": [
    {
      "command": "cd rust && wasmer --llvm target/wasm32-wasi/release/nbody.wasm 50000000 < /dev/null > /dev/null",
      "mean": 3.378424931,
      "stddev": 0.004780378082688089,
      "median": 3.3805042509999996,
      "user": 3.378327195,
      "system": 0.0000581575,
      "min": 3.370861501,
      "max": 3.383250601,
      "times": [
        3.373158901,
        3.381035001,
        3.370861501,
        3.379930501,
        3.382533401,
        3.3710890009999996,
        3.383250601,
        3.3813819009999997,
        3.3801307009999997,
        3.380877801
      ]
    }
  ]
}
