{
  "results": [
    {
      "command": "./nbody.gcc_run 50000000 < /dev/null > /dev/null",
      "mean": 2.6768313750000003,
      "stddev": 0.005133564432038275,
      "median": 2.674773295,
      "user": 2.6766925349999995,
      "system": 0.00005849049999999999,
      "min": 2.6732591450000003,
      "max": 2.688490345,
      "times": [
        2.675888445,
        2.674348945,
        2.6833270450000004,
        2.6732591450000003,
        2.6732811450000002,
        2.675197645,
        2.6733541450000002,
        2.6734900450000003,
        2.688490345,
        2.677676845
      ]
    }
  ]
}
