{
  "results": [
    {
      "command": "wasmer --cranelift target/wasm32-wasi/release/nbody.wasm 50000000 < /dev/null > /dev/null",
      "mean": 4.23049537,
      "stddev": 0.013226366667082481,
      "median": 4.22915538,
      "user": 4.22639447,
      "system": 0.004055954999999999,
      "min": 4.21026888,
      "max": 4.24908478,
      "times": [
        4.24555418,
        4.23119168,
        4.21689328,
        4.22783448,
        4.22710368,
        4.24908478,
        4.24693828,
        4.21960818,
        4.2304762799999995,
        4.21026888
      ]
    }
  ]
}
