{
  "results": [
    {
      "command": "wasmer --jit target/wasm32-wasi/release/nbody.wasm 50000000 < /dev/null > /dev/null",
      "mean": 4.2197048305,
      "stddev": 0.013082184777309366,
      "median": 4.2205327905,
      "user": 4.21667178,
      "system": 0.0029944959999999997,
      "min": 4.2041984405,
      "max": 4.2470479405,
      "times": [
        4.2217273405,
        4.2320588405,
        4.2207381405,
        4.2099134405,
        4.2077932405,
        4.2083373405,
        4.2041984405,
        4.2249061405,
        4.2470479405,
        4.2203274405
      ]
    }
  ]
}
