{
  "results": [
    {
      "command": "wasmer --llvm target/wasm32-wasi/release/nbody.wasm 50000000 < /dev/null > /dev/null",
      "mean": 3.3824584470000003,
      "stddev": 0.01508845296478951,
      "median": 3.378159867,
      "user": 3.381422079999999,
      "system": 0.0009969464999999998,
      "min": 3.371836167,
      "max": 3.422183467,
      "times": [
        3.375669567,
        3.422183467,
        3.372156367,
        3.390023367,
        3.3730047670000003,
        3.375060767,
        3.380650167,
        3.371836167,
        3.3826342670000002,
        3.381365567
      ]
    }
  ]
}
