{
  "results": [
    {
      "command": "wasmer --cranelift target/wasm32-wasi/release/revcomp.wasm 25000000 < input100000000.fasta > /dev/null",
      "mean": 3.4018040474999993,
      "stddev": 0.11125873964524165,
      "median": 3.4235747874999998,
      "user": 2.7740899949999998,
      "system": 0.613132365,
      "min": 3.2106010374999996,
      "max": 3.5584171374999998,
      "times": [
        3.4998552375,
        3.4355159375,
        3.4944770375,
        3.4026082375,
        3.3188898375,
        3.2106010374999996,
        3.2505264375,
        3.4118862374999996,
        3.4352633375,
        3.5584171374999998
      ]
    }
  ]
}
