{
  "results": [
    {
      "command": "cd rust && cargo run --release --bin revcomp 25000000 < ../input100000000.fasta > /dev/null",
      "mean": 0.9229729505,
      "stddev": 0.007382374214934745,
      "median": 0.9218055605,
      "user": 0.65919265,
      "system": 0.263768585,
      "min": 0.9130232105,
      "max": 0.9377685105,
      "times": [
        0.9305766105000001,
        0.9377685105,
        0.9202429105000001,
        0.9130232105,
        0.9257392105000001,
        0.9203719105,
        0.9256116105000001,
        0.9180069105,
        0.9151494105,
        0.9232392105
      ]
    }
  ]
}
