{
  "results": [
    {
      "command": "cd rust && wasmtime run --enable-all target/wasm32-wasi/release/revcomp.wasm 25000000 < ../input100000000.fasta > /dev/null",
      "mean": 18.124984396499997,
      "stddev": 0.020448114559616905,
      "median": 18.126059056499997,
      "user": 15.530598064999998,
      "system": 2.5970819300000003,
      "min": 18.0847292065,
      "max": 18.1496528065,
      "times": [
        18.132673506499998,
        18.1396926065,
        18.0847292065,
        18.1496528065,
        18.1172937065,
        18.1085742065,
        18.1373231065,
        18.1194446065,
        18.1488346065,
        18.1116256065
      ]
    }
  ]
}
