{
  "results": [
    {
      "command": "wasmer --jit target/wasm32-wasi/release/revcomp.wasm 25000000 < input100000000.fasta > /dev/null",
      "mean": 3.3693482064999998,
      "stddev": 0.09077027165885196,
      "median": 3.3747536365,
      "user": 2.69935083,
      "system": 0.656853315,
      "min": 3.2419589865,
      "max": 3.5625088865,
      "times": [
        3.3021060865,
        3.3814354865,
        3.4433747865,
        3.5625088865,
        3.3910101865,
        3.3944507864999998,
        3.2419589865,
        3.3254778865,
        3.3680717865,
        3.2830871865
      ]
    }
  ]
}
