{
  "results": [
    {
      "command": "wasmer --llvm target/wasm32-wasi/release/revcomp.wasm 25000000 < input100000000.fasta > /dev/null",
      "mean": 1.5550571529999997,
      "stddev": 0.034656637565934637,
      "median": 1.552117813,
      "user": 0.979909275,
      "system": 0.5653583950000001,
      "min": 1.510405763,
      "max": 1.625459163,
      "times": [
        1.5786151629999998,
        1.5726022629999998,
        1.625459163,
        1.537835763,
        1.551935863,
        1.552299763,
        1.511205463,
        1.535614563,
        1.510405763,
        1.5745977629999999
      ]
    }
  ]
}
