{
  "results": [
    {
      "command": "wasmer --native target/wasm32-wasi/release/revcomp.wasm 25000000 < input100000000.fasta > /dev/null",
      "mean": 3.4109933065,
      "stddev": 0.11756548591806137,
      "median": 3.4049186665000004,
      "user": 2.775744545,
      "system": 0.6216226,
      "min": 3.1881352165,
      "max": 3.5883246165,
      "times": [
        3.3590559165,
        3.4921042165,
        3.3204788165,
        3.5883246165,
        3.4280496165,
        3.3619043165,
        3.5620430165,
        3.1881352165,
        3.4154747165000003,
        3.3943626165
      ]
    }
  ]
}
