{
  "results": [
    {
      "command": "cd rust && wasmer --llvm target/wasm32-wasi/release/revcomp.wasm 25000000 < ../input100000000.fasta > /dev/null",
      "mean": 1.5713219535000003,
      "stddev": 0.04031348965013656,
      "median": 1.5642407034999999,
      "user": 1.00267795,
      "system": 0.5579543599999999,
      "min": 1.5211793035,
      "max": 1.6388217035000001,
      "times": [
        1.5211793035,
        1.5218478035,
        1.5540004035000001,
        1.6067330035,
        1.5850624035,
        1.5737335035,
        1.5399416035000002,
        1.5547479035,
        1.6388217035000001,
        1.6171519035000002
      ]
    }
  ]
}
