{
  "results": [
    {
      "command": "wasmer target/wasm32-wasi/release/revcomp.wasm 25000000 < input100000000.fasta > /dev/null",
      "mean": 3.462798270500001,
      "stddev": 0.11884502331825306,
      "median": 3.4593760705000003,
      "user": 2.7513991950000003,
      "system": 0.6931059649999999,
      "min": 3.3209619205,
      "max": 3.7358368205,
      "times": [
        3.3941129205,
        3.5052831205,
        3.5309899205,
        3.4847282205,
        3.3902165205,
        3.4876913205,
        3.3209619205,
        3.7358368205,
        3.3441380205,
        3.4340239205
      ]
    }
  ]
}
