{
  "results": [
    {
      "command": "cd rust && wasmer --singlepass target/wasm32-wasi/release/revcomp.wasm 25000000 < ../input100000000.fasta > /dev/null",
      "mean": 3.2185314045000006,
      "stddev": 0.054417234689063024,
      "median": 3.2244235845,
      "user": 2.525582515,
      "system": 0.6823683399999999,
      "min": 3.1336586345,
      "max": 3.3072737345000003,
      "times": [
        3.1682246345,
        3.1336586345,
        3.1625404345,
        3.2232262345000002,
        3.2462077345,
        3.1963455345000003,
        3.2256209345,
        3.2829109345000003,
        3.3072737345000003,
        3.2393052345
      ]
    }
  ]
}
