{
  "results": [
    {
      "command": "./revcomp.gcc_run 25000000 < input100000000.fasta > /dev/null",
      "mean": 0.8281906455000001,
      "stddev": 0.00916156714238587,
      "median": 0.8258387455,
      "user": 0.573376345,
      "system": 0.25213588,
      "min": 0.8193556455,
      "max": 0.8512900455,
      "times": [
        0.8279034455000001,
        0.8333591455,
        0.8301424455,
        0.8237740455,
        0.8282452455,
        0.8222308455,
        0.8193556455,
        0.8226059455,
        0.8229996455,
        0.8512900455
      ]
    }
  ]
}
