{
  "results": [
    {
      "command": "java -cp java:/usr/share/java/fastutil.jar -XX:ActiveProcessorCount=1 revcomp 25000000 < input100000000.fasta > /dev/null",
      "mean": 1.9523262885000001,
      "stddev": 0.01779026768924827,
      "median": 1.9510061685000002,
      "user": 1.773307225,
      "system": 0.25092421,
      "min": 1.9287830685,
      "max": 1.9888093685000001,
      "times": [
        1.9412912685000001,
        1.9664916685,
        1.9506176685,
        1.9287830685,
        1.9888093685000001,
        1.9513946685,
        1.9362210685,
        1.9393793685,
        1.9535078685,
        1.9667668685
      ]
    }
  ]
}
