{
  "results": [
    {
      "command": "wasmtime run --enable-all target/wasm32-wasi/release/revcomp.wasm 25000000 < input100000000.fasta > /dev/null",
      "mean": 18.456003280499992,
      "stddev": 1.0840799197321151,
      "median": 18.109762150499996,
      "user": 15.862060094999999,
      "system": 2.596741595,
      "min": 18.0646117505,
      "max": 21.5395824505,
      "times": [
        18.101135950499998,
        21.5395824505,
        18.0646117505,
        18.1183883505,
        18.1574633505,
        18.1705510505,
        18.0773122505,
        18.0872745505,
        18.1551435505,
        18.088569550499997
      ]
    }
  ]
}
