{
  "results": [
    {
      "command": "cd rust && wasmer --cranelift target/wasm32-wasi/release/revcomp.wasm 25000000 < ../input100000000.fasta > /dev/null",
      "mean": 3.6299311234999996,
      "stddev": 0.07850524146966949,
      "median": 3.6298053735,
      "user": 2.9667760650000004,
      "system": 0.6481633999999998,
      "min": 3.5165309235,
      "max": 3.7443522235,
      "times": [
        3.5165309235,
        3.5494374234999997,
        3.6002035235,
        3.7270595235,
        3.7443522235,
        3.6843168234999997,
        3.6594072234999997,
        3.5966842235,
        3.6700069235,
        3.5513124234999998
      ]
    }
  ]
}
