{
  "results": [
    {
      "command": "cargo run --release --bin revcomp 25000000 < input100000000.fasta > /dev/null",
      "mean": 0.933072778,
      "stddev": 0.01141002165997067,
      "median": 0.9306760380000001,
      "user": 0.669578865,
      "system": 0.26349137999999994,
      "min": 0.9179659880000001,
      "max": 0.952983788,
      "times": [
        0.9179659880000001,
        0.9432508880000001,
        0.9242516880000001,
        0.9291056880000002,
        0.952983788,
        0.9237195880000001,
        0.9394953880000001,
        0.9443244880000001,
        0.9322463880000001,
        0.9233838880000002
      ]
    }
  ]
}
