{
  "results": [
    {
      "command": "cd rust && wasmtime run --enable-all target/wasm32-wasi/release/spectralnorm.wasm 5500 < /dev/null > /dev/null",
      "mean": 1.87896496,
      "stddev": 0.011676382517567523,
      "median": 1.87653765,
      "user": 1.86581399,
      "system": 0.017907109999999997,
      "min": 1.86682285,
      "max": 1.90315205,
      "times": [
        1.89075075,
        1.87709785,
        1.90315205,
        1.87160785,
        1.86736715,
        1.87101265,
        1.87597745,
        1.8884055499999999,
        1.86682285,
        1.8774554499999998
      ]
    }
  ]
}
