{
  "results": [
    {
      "command": "wasmer --jit target/wasm32-wasi/release/spectralnorm.wasm 5500 < /dev/null > /dev/null",
      "mean": 2.4329882905000004,
      "stddev": 0.0029599765317388687,
      "median": 2.4316753605,
      "user": 2.429824435,
      "system": 0.003050042,
      "min": 2.4300522105,
      "max": 2.4384882105,
      "times": [
        2.4317442105000002,
        2.4316065105,
        2.4357914105000003,
        2.4384882105,
        2.4300522105,
        2.4354856105000002,
        2.4304237105,
        2.4303310105,
        2.4350769105000003,
        2.4308831105
      ]
    }
  ]
}
