{
  "results": [
    {
      "command": "java -cp java:/usr/share/java/fastutil.jar -XX:ActiveProcessorCount=1 spectralnorm 5500 < /dev/null > /dev/null",
      "mean": 1.6453471895,
      "stddev": 0.0021999331519136195,
      "median": 1.6452196595,
      "user": 1.6774218399999998,
      "system": 0.019091335999999997,
      "min": 1.6427254095000001,
      "max": 1.6502904095,
      "times": [
        1.6437670095,
        1.6429719095000002,
        1.6502904095,
        1.6456565095,
        1.6447828095,
        1.6457694095,
        1.6445688095000002,
        1.6469116095,
        1.6460280095,
        1.6427254095000001
      ]
    }
  ]
}
