{
  "results": [
    {
      "command": "cd rust && wasmer --singlepass target/wasm32-wasi/release/spectralnorm.wasm 5500 < /dev/null > /dev/null",
      "mean": 4.082790961500001,
      "stddev": 0.009474621026862556,
      "median": 4.0818271715000005,
      "user": 4.0767213149999995,
      "system": 0.005992325,
      "min": 4.0690524215,
      "max": 4.0960836215,
      "times": [
        4.0800842215,
        4.0690524215,
        4.0960836215,
        4.0693010215,
        4.0785845215,
        4.0923095215,
        4.0783451215,
        4.0878357215,
        4.0927433215,
        4.0835701215
      ]
    }
  ]
}
