{
  "results": [
    {
      "command": "wasmer --native target/wasm32-wasi/release/spectralnorm.wasm 5500 < /dev/null > /dev/null",
      "mean": 2.4887494319999997,
      "stddev": 0.0037377483190492713,
      "median": 2.4885074219999996,
      "user": 2.4857079499999997,
      "system": 0.0029949115,
      "min": 2.484374422,
      "max": 2.494824022,
      "times": [
        2.4909519220000003,
        2.492056122,
        2.484374422,
        2.486684722,
        2.488105922,
        2.488908922,
        2.492485422,
        2.484509122,
        2.484593722,
        2.494824022
      ]
    }
  ]
}
