{
  "results": [
    {
      "command": "wasmer --cranelift target/wasm32-wasi/release/spectralnorm.wasm 5500 < /dev/null > /dev/null",
      "mean": 2.437553319,
      "stddev": 0.002868988535839347,
      "median": 2.437783529,
      "user": 2.43652038,
      "system": 0.0010001345,
      "min": 2.433447729,
      "max": 2.443456329,
      "times": [
        2.434816229,
        2.437956929,
        2.439105229,
        2.439534229,
        2.433447729,
        2.4378435290000002,
        2.437723529,
        2.436897629,
        2.434751829,
        2.443456329
      ]
    }
  ]
}
