{
  "results": [
    {
      "command": "cd rust && wasmer --cranelift target/wasm32-wasi/release/spectralnorm.wasm 5500 < /dev/null > /dev/null",
      "mean": 2.4627585715,
      "stddev": 0.07458919402337048,
      "median": 2.4399213615,
      "user": 2.460699925,
      "system": 0.001996063,
      "min": 2.4339241115,
      "max": 2.6746239115000003,
      "times": [
        2.4382539115000004,
        2.4463297115000002,
        2.4348383115,
        2.4451377115,
        2.6746239115000003,
        2.4339241115,
        2.4342284115000004,
        2.4352515115,
        2.4415888115,
        2.4434093115
      ]
    }
  ]
}
