{
  "results": [
    {
      "command": "wasmtime run --enable-all target/wasm32-wasi/release/spectralnorm.wasm 5500 < /dev/null > /dev/null",
      "mean": 1.8726231990000002,
      "stddev": 0.013953595135320634,
      "median": 1.8689393890000001,
      "user": 1.845518385,
      "system": 0.032050444,
      "min": 1.8609426390000001,
      "max": 1.911003539,
      "times": [
        1.8692959390000001,
        1.8716081390000001,
        1.867132939,
        1.911003539,
        1.8701566390000002,
        1.8744421390000001,
        1.8609426390000001,
        1.865937039,
        1.868582839,
        1.867130139
      ]
    }
  ]
}
