{
  "results": [
    {
      "command": "wasmer --llvm target/wasm32-wasi/release/spectralnorm.wasm 5500 < /dev/null > /dev/null",
      "mean": 1.5782865075,
      "stddev": 0.0007949960867129598,
      "median": 1.5781273274999998,
      "user": 1.5781527800000001,
      "system": 0.0000623735,
      "min": 1.5772202775,
      "max": 1.5796354775,
      "times": [
        1.5786964774999999,
        1.5796354775,
        1.5775118775,
        1.5778751775000002,
        1.5777301774999999,
        1.5794481775,
        1.5784927775000002,
        1.5782723775,
        1.5779822774999999,
        1.5772202775
      ]
    }
  ]
}
