{
  "results": [
    {
      "command": "./spectralnorm.gcc_run 5500 < /dev/null > /dev/null",
      "mean": 0.7892902625,
      "stddev": 0.0007901809925580372,
      "median": 0.7892372525,
      "user": 0.7892682799999999,
      "system": 0.0,
      "min": 0.7884465525000001,
      "max": 0.7910989525000001,
      "times": [
        0.7888709525000001,
        0.7910989525000001,
        0.7898314525,
        0.7887010525,
        0.7895815525000001,
        0.7884465525000001,
        0.7894108525,
        0.7894159525,
        0.7890636525,
        0.7884816525
      ]
    }
  ]
}
