{
  "results": [
    {
      "command": "cd rust && wasmer --llvm target/wasm32-wasi/release/spectralnorm.wasm 5500 < /dev/null > /dev/null",
      "mean": 1.58126787,
      "stddev": 0.0024042989816853615,
      "median": 1.5806605200000001,
      "user": 1.5772203900000001,
      "system": 0.003990237999999999,
      "min": 1.5783805700000002,
      "max": 1.58502687,
      "times": [
        1.58502687,
        1.58357487,
        1.5804981700000003,
        1.5845998700000001,
        1.5804017700000002,
        1.5815865700000002,
        1.57922377,
        1.58082287,
        1.5785633700000001,
        1.5783805700000002
      ]
    }
  ]
}
