{
  "results": [
    {
      "command": "wasmer target/wasm32-wasi/release/spectralnorm.wasm 5500 < /dev/null > /dev/null",
      "mean": 2.4361325095,
      "stddev": 0.0031233976465097095,
      "median": 2.4353246195000002,
      "user": 2.43404833,
      "system": 0.0019979999999999998,
      "min": 2.4318933695,
      "max": 2.4415677695,
      "times": [
        2.4398908695,
        2.4415677695,
        2.4344109695,
        2.4368377695000003,
        2.4318933695,
        2.4328694695000004,
        2.4356815695000003,
        2.4343609695,
        2.4388446695000003,
        2.4349676695
      ]
    }
  ]
}
