{
  "results": [
    {
      "command": "cargo run --release --bin spectralnorm 5500 < /dev/null > /dev/null",
      "mean": 1.3053315789999997,
      "stddev": 0.004556883144138468,
      "median": 1.303878719,
      "user": 1.2963701849999998,
      "system": 0.009008015,
      "min": 1.302239419,
      "max": 1.317440819,
      "times": [
        1.304021119,
        1.302761619,
        1.317440819,
        1.3078136189999998,
        1.302843119,
        1.303736319,
        1.3043301189999998,
        1.302239419,
        1.302788219,
        1.305341419
      ]
    }
  ]
}
