{
  "results": [
    {
      "command": "cd rust && cargo run --release --bin spectralnorm 5500 < /dev/null > /dev/null",
      "mean": 1.339046865,
      "stddev": 0.0301138569232394,
      "median": 1.326602865,
      "user": 1.334962355,
      "system": 0.004064327500000001,
      "min": 1.311281665,
      "max": 1.3840327650000002,
      "times": [
        1.311281665,
        1.368470565,
        1.3840327650000002,
        1.338477865,
        1.358083465,
        1.377298665,
        1.313203265,
        1.313079665,
        1.314727865,
        1.311812865
      ]
    }
  ]
}
